Title,Price (INR),Rating,Availability
A Light in the Attic,5953.55,Three,In stock
Tipping the Velvet,6180.1,One,In stock
Soumission,5761.5,One,In stock
Sharp Objects,5499.3,Four,In stock
Sapiens: A Brief History of Humankind,6236.45,Five,In stock
The Requiem Red,2604.75,One,In stock
The Dirty Little Secrets of Getting Your Dream Job,3834.1,Four,In stock
"The Coming Woman: A Novel Based on the Life of the Infamous Feminist, Victoria Woodhull",2061.95,Three,In stock
The Boys in the Boat: Nine Americans and Their Epic Quest for Gold at the 1936 Berlin Olympics,2599.0,Four,In stock
The Black Maria,5997.25,One,In stock
"Starving Hearts (Triangular Trade Trilogy, #1)",1608.85,Two,In stock
Shakespeare's Sonnets,2375.9,Four,In stock
Set Me Free,2007.9,Five,In stock
Scott Pilgrim's Precious Little Life (Scott Pilgrim #1),6013.35,Five,In stock
Rip it Up and Start Again,4027.3,Five,In stock
"Our Band Could Be Your Life: Scenes from the American Indie Underground, 1981-1991",6583.75,Three,In stock
Olio,2746.2,One,In stock
Mesaerion: The Best Science Fiction Stories 1800-1849,4322.85,One,In stock
Libertarianism for Beginners,5902.95,Two,In stock
It's Only the Himalayas,5194.55,Two,In stock
In Her Wake,1476.6,One,In stock
How Music Works,4291.8,Two,In stock
"Foolproof Preserving: A Guide to Small Batch Jams, Jellies, Pickles, Condiments, and More: A Foolproof Guide to Making Small Batch Jams, Jellies, Pickles, Condiments, and More",3509.8,Three,In stock
Chase Me (Paris Nights #2),2906.05,Five,In stock
Black Dust,3970.95,Five,In stock
Birdsong: A Story in Pictures,6283.6,Three,In stock
America's Cradle of Quarterbacks: Western Pennsylvania's Football Factory from Johnny Unitas to Joe Montana,2587.5,Three,In stock
Aladdin and His Wonderful Lamp,6109.95,Three,In stock
Worlds Elsewhere: Journeys Around Shakespeareâs Globe,4634.5,Five,In stock
Wall and Piece,5080.7,Four,In stock
The Four Agreements: A Practical Guide to Personal Freedom,2030.9,Five,In stock
The Five Love Languages: How to Express Heartfelt Commitment to Your Mate,3570.75,Three,In stock
The Elephant Tree,2739.3,Five,In stock
The Bear and the Piano,4242.35,One,In stock
Sophie's World,1833.1,Five,In stock
Penny Maybe,3828.35,Three,In stock
Maude (1883-1993):She Grew Up with the country,2072.3,Two,In stock
"In a Dark, Dark Wood",2257.45,One,In stock
Behind Closed Doors,6005.3,Four,In stock
You can't bury them all: Poems,3867.45,Two,In stock
Slow States of Collapse: Poems,6590.65,Three,In stock
Reasons to Stay Alive,3037.15,Two,In stock
Private Paris (Private #10),5475.15,Five,In stock
#HigherSelfie: Wake Up Your Life. Free Your Soul. Find Your Tribe.,2657.65,Five,In stock
Without Borders (Wanderlove #1),5183.05,Two,In stock
When We Collided,3653.55,One,In stock
"We Love You, Charlie Freeman",5781.05,Five,In stock
Untitled Collection: Sabbath Poems 2014,1641.05,Four,In stock
"Unseen City: The Majesty of Pigeons, the Discreet Charm of Snails & Other Wonders of the Urban Wilderness",5080.7,Four,In stock
Unicorn Tracks,2159.7,Three,In stock
"Unbound: How Eight Technologies Made Us Human, Transformed Society, and Brought Our World to the Brink",2934.8,One,In stock
Tsubasa: WoRLD CHRoNiCLE 2 (Tsubasa WoRLD CHRoNiCLE #2),1872.2,One,In stock
Throwing Rocks at the Google Bus: How Growth Became the Enemy of Prosperity,3578.8,Three,In stock
This One Summer,2241.35,Four,In stock
Thirst,1986.05,Five,In stock
The Torch Is Passed: A Harding Family Story,2195.35,One,In stock
The Secret of Dreadwillow Carse,6454.95,One,In stock
"The Pioneer Woman Cooks: Dinnertime: Comfort Classics, Freezer Food, 16-Minute Meals, and Other Delicious Ways to Solve Supper!",6487.15,One,In stock
The Past Never Ends,6497.5,Four,In stock
The Natural History of Us (The Fine Art of Pretending #2),5200.3,Three,In stock
The Nameless City (The Nameless City #1),4388.4,Four,In stock
The Murder That Never Was (Forensic Instincts #5),6222.65,Three,In stock
The Most Perfect Thing: Inside (and Outside) a Bird's Egg,4940.4,Four,In stock
"The Mindfulness and Acceptance Workbook for Anxiety: A Guide to Breaking Free from Anxiety, Phobias, and Worry Using Acceptance and Commitment Therapy",2747.35,Four,In stock
The Life-Changing Magic of Tidying Up: The Japanese Art of Decluttering and Organizing,1928.55,Three,In stock
"The Inefficiency Assassin: Time Management Tactics for Working Smarter, Not Longer",2367.85,Five,In stock
The Gutsy Girl: Escapades for Your Life of Epic Adventure,4269.95,One,In stock
The Electric Pencil: Drawings from Inside State Hospital No. 3,6446.9,One,In stock
The Death of Humanity: and the Case for Life,6682.65,Four,In stock
"The Bulletproof Diet: Lose up to a Pound a Day, Reclaim Energy and Focus, Upgrade Your Life",5640.75,Three,In stock
The Art Forger,4687.4,Three,In stock
The Age of Genius: The Seventeenth Century and the Birth of the Modern Mind,2268.95,One,In stock
The Activist's Tao Te Ching: Ancient Advice for a Modern Revolution,3707.6,Five,In stock
Spark Joy: An Illustrated Master Class on the Art of Organizing and Tidying Up,4810.45,Four,In stock
Soul Reader,4551.7,Two,In stock
Security,4513.75,Two,In stock
"Saga, Volume 6 (Saga (Collected Editions) #6)",2877.3,Three,In stock
"Saga, Volume 5 (Saga (Collected Editions) #5)",5869.6,Two,In stock
Reskilling America: Learning to Labor in the Twenty-First Century,2280.45,Two,In stock
"Rat Queens, Vol. 3: Demons (Rat Queens (Collected Editions) #11-15)",5796.0,Three,In stock
"Princess Jellyfish 2-in-1 Omnibus, Vol. 01 (Princess Jellyfish 2-in-1 Omnibus #1)",1565.15,Five,In stock
Princess Between Worlds (Wide-Awake Princess #5),1534.1,Five,In stock
"Pop Gun War, Volume 1: Gift",2181.55,One,In stock
"Political Suicide: Missteps, Peccadilloes, Bad Calls, Backroom Hijinx, Sordid Pasts, Rotten Breaks, and Just Plain Dumb Mistakes in the Annals of American Politics",4172.2,Two,In stock
Patience,1168.4,Three,In stock
"Outcast, Vol. 1: A Darkness Surrounds Him (Outcast #1)",1775.6,Four,In stock
orange: The Complete Collection 1 (orange: The Complete Collection #1),5567.15,One,In stock
Online Marketing for Busy Authors: A Step-By-Step Guide,5330.25,One,In stock
On a Midnight Clear,1618.05,Three,In stock
Obsidian (Lux #1),1708.9,Two,In stock
My Paris Kitchen: Recipes and Stories,3837.55,Two,In stock
Masks and Shadows,6486.0,Two,In stock
"Mama Tried: Traditional Italian Cooking for the Screwed, Crude, Vegan, and Tattooed",1612.3,Four,In stock
"Lumberjanes, Vol. 2: Friendship to the Max (Lumberjanes #5-8)",5394.65,Two,In stock
"Lumberjanes, Vol. 1: Beware the Kitten Holy (Lumberjanes #1-4)",5245.15,Three,In stock
Lumberjanes Vol. 3: A Terrible Plan (Lumberjanes #9-12),2290.8,Two,In stock
"Layered: Baking, Building, and Styling Spectacular Cakes",4612.65,One,In stock
Judo: Seven Steps to Black Belt (an Introductory Guide for Beginners),6198.5,Two,In stock
Join,4102.05,Five,In stock
In the Country We Love: My Family Divided,2530.0,Four,In stock
